,course_name,train_score,test_score,dev_score,train_groundtruth,test_groundtruth,dev_groundtruth,train_size,test_size,dev_size,test_precision,test_recall,test_f1_score,dev_precision,dev_recall,dev_f1_score,dev_fpr,dev_tpr,dev_threshold,dev_auc
0,CHEMENG162,0.375,0.0,0.5,0.625,1.0,0.5,16,2,2,0.0,0.0,0.0,0.0,0.0,0.0,[0. 1.],[0. 1.],[1.5 0.5],0.5
1,MS&E245G,0.6857142857142857,0.6,0.75,0.6857142857142857,0.6,0.75,35,5,4,0.6,1.0,0.7499999999999999,0.75,1.0,0.8571428571428571,[0. 0. 1.],[0. 1. 1.],[1.64705882 0.64705882 0.50000535],1.0
2,MS&E145,0.8341013824884793,0.7857142857142857,0.9259259259259259,0.8341013824884793,0.7857142857142857,0.9259259259259259,217,28,27,0.7857142857142857,1.0,0.88,0.9259259259259259,1.0,0.9615384615384615,[0. 0. 0. 0. 0. 0. 1.],[0.   0.04 0.12 0.28 0.36 0.72 1.  ],"[1.90679507 0.90679507 0.90195269 0.8984617  0.81263369 0.75396134
 0.746681  ]",0.86
3,PUBLPOL105,0.7166666666666667,0.875,0.75,0.7166666666666667,0.875,0.75,60,8,8,0.875,1.0,0.9333333333333333,0.75,1.0,0.8571428571428571,[0. 0. 1.],[0.  0.5 1. ],[1.70588235 0.70588235 0.6279047 ],0.75
4,BIO42,0.8061224489795918,0.8108108108108109,0.8378378378378378,0.5816326530612245,0.5675675675675675,0.6216216216216216,294,37,37,0.8181818181818182,0.8571428571428571,0.8372093023255814,0.9473684210526315,0.782608695652174,0.8571428571428571,"[0.         0.         0.07142857 0.07142857 0.07142857 0.14285714
 1.        ]","[0.         0.2173913  0.39130435 0.52173913 0.7826087  0.7826087
 1.        ]","[1.91604993 0.91604993 0.84880631 0.80736994 0.6831814  0.42814245
 0.27807842]",0.8416149068322981
5,PHYSICS61,0.8082191780821918,0.8214285714285714,0.7407407407407407,0.8082191780821918,0.8214285714285714,0.7407407407407407,219,28,27,0.8214285714285714,1.0,0.9019607843137255,0.7407407407407407,1.0,0.851063829787234,[0. 1.],[0. 1.],[1.78995189 0.78995189],0.5
6,CME106,0.6945337620578779,0.6410256410256411,0.6923076923076923,0.4790996784565916,0.48717948717948717,0.5384615384615384,311,39,39,0.6190476190476191,0.6842105263157895,0.6500000000000001,0.7368421052631579,0.6666666666666666,0.7,[0.         0.22222222 0.27777778 1.        ],[0.         0.47619048 0.66666667 1.        ],[1.64544763 0.64544763 0.58822797 0.37126353],0.6865079365079364
7,BIO144,0.8048780487804879,0.6666666666666666,0.6,0.8048780487804879,0.6666666666666666,0.6,41,6,5,0.6666666666666666,1.0,0.8,0.6,1.0,0.7499999999999999,[0. 1.],[0. 1.],[1.70731706 0.70731706],0.5
8,EE169,0.9230769230769231,1.0,0.5,0.9230769230769231,1.0,0.5,13,2,2,1.0,1.0,1.0,0.5,1.0,0.6666666666666666,[0. 1.],[0. 1.],[1.61538462 0.61538462],0.5
9,PUBLPOL104,0.7142857142857143,0.75,0.75,0.7142857142857143,0.75,0.75,63,8,8,0.75,1.0,0.8571428571428571,0.75,1.0,0.8571428571428571,[0. 0. 1.],[0.  0.5 1. ],[1.80769231 0.80769231 0.54055168],0.75
10,MATH42,0.6432748538011696,0.4090909090909091,0.47619047619047616,0.5263157894736842,0.6363636363636364,0.7142857142857143,171,22,21,0.6,0.21428571428571427,0.3157894736842105,0.8333333333333334,0.3333333333333333,0.47619047619047616,[0.         0.16666667 1.        ],[0.         0.33333333 1.        ],[1.72340338 0.72340338 0.4838713 ],0.5833333333333334
11,MATH148,0.95,0.6666666666666666,0.5,0.95,0.6666666666666666,0.5,20,3,2,0.6666666666666666,1.0,0.8,0.5,1.0,0.6666666666666666,[0. 1.],[0. 1.],[1.75 0.75],0.5
12,BIOE41,0.7068965517241379,0.75,0.14285714285714285,0.7068965517241379,0.75,0.14285714285714285,58,8,7,0.75,1.0,0.8571428571428571,0.14285714285714285,1.0,0.25,[0.         0.33333333 1.        ],[0. 0. 1.],[1.8095071  0.8095071  0.54055002],0.33333333333333337
13,ECON112,0.9363636363636364,0.9285714285714286,0.9285714285714286,0.9363636363636364,0.9285714285714286,0.9285714285714286,110,14,14,0.9285714285714286,1.0,0.962962962962963,0.9285714285714286,1.0,0.962962962962963,[0. 1. 1.],[0.         0.69230769 1.        ],[1.92537313 0.92537313 0.86045723],0.34615384615384615
14,ME140,0.7087912087912088,0.7391304347826086,0.8260869565217391,0.7087912087912088,0.7391304347826086,0.8260869565217391,182,23,23,0.7391304347826086,1.0,0.85,0.8260869565217391,1.0,0.9047619047619047,[0.   0.25 0.75 0.75 1.  ],[0.         0.42105263 0.52631579 0.84210526 1.        ],[1.8023794  0.8023794  0.74302206 0.60005123 0.51653935],0.5197368421052632
15,BIOE101,0.6815286624203821,0.7,0.6,0.5732484076433121,0.7,0.75,157,20,20,0.7857142857142857,0.7857142857142857,0.7857142857142857,0.8181818181818182,0.6,0.6923076923076923,[0.  0.  0.2 0.4 1. ],[0.         0.06666667 0.2        0.6        1.        ],[1.79517147 0.79517147 0.7595624  0.53563201 0.48417213],0.5866666666666667
16,CME104A,0.7619047619047619,0.6666666666666666,0.3333333333333333,0.7619047619047619,0.6666666666666666,0.3333333333333333,21,3,3,0.6666666666666666,1.0,0.8,0.3333333333333333,1.0,0.5,[0. 1.],[0. 1.],[1.5714285 0.5714285],0.5
17,AA242A,0.5,0.5,0.5,0.5,0.5,0.5,14,2,2,0.0,0.0,0.0,0.0,0.0,0.0,[0. 1.],[0. 1.],[1.5 0.5],0.5
18,PHIL184,0.851063829787234,0.6666666666666666,0.8333333333333334,0.851063829787234,0.6666666666666666,0.8333333333333334,94,12,12,0.6666666666666666,1.0,0.8,0.8333333333333334,1.0,0.9090909090909091,[0.  0.5 1. ],[0.  0.9 1. ],[1.87323944 0.87323944 0.60873075],0.7
19,BIOE42,0.7520661157024794,0.875,0.7333333333333333,0.6115702479338843,0.75,0.5333333333333333,121,16,15,0.8571428571428571,1.0,0.923076923076923,0.7,0.875,0.7777777777777777,[0.         0.         0.         0.42857143 0.42857143 1.        ],[0.    0.125 0.375 0.75  0.875 1.   ],[1.75513847 0.75513847 0.63203377 0.62411651 0.50847264 0.5       ],0.7767857142857142
20,PSYCH60B,0.76,0.7,0.8888888888888888,0.76,0.7,0.8888888888888888,75,10,9,0.7,1.0,0.8235294117647058,0.8888888888888888,1.0,0.9411764705882353,[0. 0. 1.],[0.   0.75 1.  ],[1.73810842 0.73810842 0.66664989],0.875
21,ME216A,0.8708333333333333,0.9032258064516129,0.8666666666666667,0.8708333333333333,0.9032258064516129,0.8666666666666667,240,31,30,0.9032258064516129,1.0,0.9491525423728813,0.8666666666666667,1.0,0.9285714285714286,[0.   0.25 1.  ],[0.         0.73076923 1.        ],[1.87655471 0.87655471 0.80766843],0.7403846153846154
22,CS248,0.8627450980392157,0.9230769230769231,0.8461538461538461,0.8627450980392157,0.9230769230769231,0.8461538461538461,102,13,13,0.9230769230769231,1.0,0.9600000000000001,0.8461538461538461,1.0,0.9166666666666666,[0. 1.],[0. 1.],[1.82352941 0.82352941],0.5
23,EE134,0.75,0.75,0.75,0.75,0.75,0.75,28,4,4,0.75,1.0,0.8571428571428571,0.75,1.0,0.8571428571428571,[0. 1.],[0. 1.],[1.60714171 0.60714171],0.5
24,CS102,0.7126436781609196,0.6363636363636364,0.7272727272727273,0.7126436781609196,0.6363636363636364,0.7272727272727273,174,22,22,0.6363636363636364,1.0,0.7777777777777778,0.7272727272727273,1.0,0.8421052631578948,[0.         0.16666667 1.        ],[0.     0.5625 1.    ],[1.8452381  0.8452381  0.54445102],0.6979166666666667
25,CS247,0.8,0.8214285714285714,0.8928571428571429,0.8,0.8214285714285714,0.8928571428571429,220,28,28,0.8214285714285714,1.0,0.9019607843137255,0.8928571428571429,1.0,0.9433962264150945,[0.         0.         0.33333333 0.33333333 1.        ],[0.   0.4  0.72 0.84 1.  ],[1.85070501 0.85070501 0.77619127 0.70101255 0.5879725 ],0.8
26,ECON102C,0.9183673469387755,0.8571428571428571,0.8333333333333334,0.9183673469387755,0.8571428571428571,0.8333333333333334,49,7,6,0.8571428571428571,1.0,0.923076923076923,0.8333333333333334,1.0,0.9090909090909091,[0. 0. 1.],[0. 1. 1.],[1.87878355 0.87878355 0.75000893],1.0
27,CHEM153,0.4482758620689655,0.25,0.25,0.5517241379310345,0.75,0.75,29,4,4,0.0,0.0,0.0,0.0,0.0,0.0,[0. 1.],[0. 1.],[1.5 0.5],0.5
28,MATH51,0.5934309809143364,0.6099290780141844,0.6453900709219859,0.5934309809143364,0.6099290780141844,0.6453900709219859,2253,282,282,0.6099290780141844,1.0,0.7577092511013216,0.6453900709219859,1.0,0.7844827586206896,[0.  0.9 1. ],[0.         0.91758242 1.        ],[1.59679419 0.59679419 0.53649567],0.5087912087912088
29,MATH116,0.875,0.8333333333333334,0.9090909090909091,0.875,0.8333333333333334,0.9090909090909091,88,12,11,0.8333333333333334,1.0,0.9090909090909091,0.9090909090909091,1.0,0.9523809523809523,[0. 1.],[0. 1.],[1.82954475 0.82954475],0.5
30,ECON155,0.7294117647058823,0.7272727272727273,0.8181818181818182,0.611764705882353,0.45454545454545453,0.45454545454545453,85,11,11,0.6666666666666666,0.8,0.7272727272727272,1.0,0.6,0.7499999999999999,[0. 0. 1.],[0.  0.6 1. ],[1.70588234 0.70588234 0.5       ],0.8
31,PSYCH101,0.775,0.6,0.7333333333333333,0.7083333333333334,0.8,0.6666666666666666,120,15,15,0.8,0.6666666666666666,0.7272727272727272,0.8,0.8,0.8000000000000002,[0.  0.4 1. ],[0.  0.8 1. ],[1.87878787 0.87878787 0.5       ],0.7000000000000001
32,CS261,0.8125,0.5,0.75,0.8125,0.5,0.75,32,4,4,0.5,1.0,0.6666666666666666,0.75,1.0,0.8571428571428571,[0. 1.],[0. 1.],[1.68749591 0.68749591],0.5
33,OSPKYOTO40M,0.8611111111111112,0.8,0.8,0.8611111111111112,0.8,0.8,36,5,5,0.8,1.0,0.888888888888889,0.8,1.0,0.888888888888889,[0. 1.],[0. 1.],[1.74999976 0.74999976],0.5
34,CS205A,0.5833333333333334,0.8333333333333334,0.3333333333333333,0.4166666666666667,0.16666666666666666,0.6666666666666666,48,6,6,0.0,0.0,0.0,0.0,0.0,0.0,[0. 1.],[0. 1.],[1.5 0.5],0.5
35,PHIL154,0.75,0.75,0.6666666666666666,0.75,0.75,0.6666666666666666,28,4,3,0.75,1.0,0.8571428571428571,0.6666666666666666,1.0,0.8,[0. 0. 1.],[0.  0.5 1. ],[1.69373759 0.69373759 0.53237129],0.75
36,PHYSICS262,0.8125,0.7777777777777778,0.75,0.8125,0.7777777777777778,0.75,64,9,8,0.7777777777777778,1.0,0.8750000000000001,0.75,1.0,0.8571428571428571,[0.  0.5 1. ],[0. 1. 1.],[1.81578947 0.81578947 0.6538273 ],0.75
37,ME113,0.9387755102040817,0.7368421052631579,0.8888888888888888,0.9387755102040817,0.7368421052631579,0.8888888888888888,147,19,18,0.7368421052631579,1.0,0.8484848484848484,0.8888888888888888,1.0,0.9411764705882353,[0. 1.],[0. 1.],[1.921875 0.921875],0.5
38,CHEMENG120A,0.8311688311688312,0.9,0.7,0.7402597402597403,0.8,0.8,77,10,10,1.0,0.875,0.9333333333333333,0.8571428571428571,0.75,0.7999999999999999,[0.  0.5 0.5 1. ],[0.    0.625 0.75  1.   ],[1.83260513 0.83260513 0.71006279 0.5       ],0.59375
39,PHYSICS171,0.7954545454545454,0.8333333333333334,0.7272727272727273,0.7954545454545454,0.8333333333333334,0.7272727272727273,88,12,11,0.8333333333333334,1.0,0.9090909090909091,0.7272727272727273,1.0,0.8421052631578948,[0.         0.         0.         0.33333333 1.        ],[0.    0.875 1.    1.    1.   ],[1.8217148  0.8217148  0.72559322 0.68767147 0.55814196],1.0
40,CS224N,0.726027397260274,0.7837837837837838,0.7777777777777778,0.726027397260274,0.7837837837837838,0.7777777777777778,292,37,36,0.7837837837837838,1.0,0.8787878787878788,0.7777777777777778,1.0,0.8750000000000001,[0.    0.125 1.   ],[0.         0.57142857 1.        ],[1.82353922 0.82353922 0.58991726],0.7232142857142857
41,ENGR205,0.38095238095238093,1.0,0.6666666666666666,0.6190476190476191,0.0,0.3333333333333333,21,3,3,0.0,0.0,0.0,0.0,0.0,0.0,[0. 1.],[0. 1.],[1.5 0.5],0.5
42,PHYSICS65,0.7307692307692307,0.7857142857142857,0.6923076923076923,0.625,0.7857142857142857,0.8461538461538461,104,14,13,0.7857142857142857,1.0,0.88,0.8181818181818182,0.8181818181818182,0.8181818181818182,[0. 1. 1. 1.],[0.         0.54545455 0.81818182 1.        ],[1.70410035 0.70410035 0.52954771 0.5       ],0.2727272727272727
43,ECON118,0.8152173913043478,0.5,0.6666666666666666,0.782608695652174,0.75,0.9166666666666666,92,12,12,0.7142857142857143,0.5555555555555556,0.6250000000000001,1.0,0.6363636363636364,0.7777777777777778,[0. 0. 1.],[0.         0.63636364 1.        ],[1.91228058 0.91228058 0.5       ],0.8181818181818181
44,CS194H,0.9047619047619048,0.875,0.75,0.9047619047619048,0.875,0.75,63,8,8,0.875,1.0,0.9333333333333333,0.75,1.0,0.8571428571428571,[0. 1. 1.],[0.         0.83333333 1.        ],[1.88889288 0.88889288 0.55553161],0.4166666666666667
45,EE214B,0.6428571428571429,1.0,0.5,0.35714285714285715,0.0,0.5,14,2,2,0.0,0.0,0.0,0.0,0.0,0.0,[0. 1.],[0. 1.],[1.5 0.5],0.5
46,CEE101B,0.6470588235294118,0.6666666666666666,0.6666666666666666,0.6470588235294118,0.6666666666666666,0.6666666666666666,68,9,9,0.6666666666666666,1.0,0.8,0.6666666666666666,1.0,0.8,[0. 0. 1.],[0.         0.33333333 1.        ],[1.64284418 0.64284418 0.55000907],0.6666666666666666
47,ENERGY104,0.8235294117647058,0.8,0.75,0.8235294117647058,0.8,0.75,34,5,4,0.8,1.0,0.888888888888889,0.75,1.0,0.8571428571428571,[0. 1.],[0. 1.],[1.70588234 0.70588234],0.5
48,EE264,0.4,1.0,0.5,0.6,0.0,0.5,15,2,2,0.0,0.0,0.0,0.0,0.0,0.0,[0. 1.],[0. 1.],[1.5 0.5],0.5
49,ECON144,0.95,1.0,0.3333333333333333,0.95,1.0,0.3333333333333333,20,3,3,1.0,1.0,1.0,0.3333333333333333,1.0,0.5,[0. 1.],[0. 1.],[1.75 0.75],0.5
50,MATH20,0.6028955532574974,0.5454545454545454,0.6115702479338843,0.5522233712512926,0.5950413223140496,0.5702479338842975,967,121,121,0.7428571428571429,0.3611111111111111,0.4859813084112149,0.775,0.4492753623188406,0.5688073394495413,[0.         0.17307692 1.        ],[0.         0.44927536 1.        ],[1.75539568 0.75539568 0.47605713],0.6380992196209587
51,ECON137,0.7278481012658228,0.8,0.55,0.5569620253164557,0.65,0.45,158,20,20,0.8,0.9230769230769231,0.8571428571428571,0.5,0.8888888888888888,0.64,[0.         0.45454545 0.72727273 0.72727273 1.        ],[0.         0.88888889 0.88888889 1.         1.        ],[1.70770833 0.70770833 0.60853599 0.45563733 0.34954588],0.7171717171717171
52,AA279A,0.25,0.3333333333333333,0.5,0.75,0.6666666666666666,0.5,16,3,2,0.0,0.0,0.0,0.0,0.0,0.0,[0. 1.],[0. 1.],[1.5 0.5],0.5
53,CS144,0.6628571428571428,0.6818181818181818,0.9090909090909091,0.5085714285714286,0.45454545454545453,0.5,175,22,22,0.6153846153846154,0.8,0.6956521739130435,0.8461538461538461,1.0,0.9166666666666666,[0.         0.18181818 1.        ],[0. 1. 1.],[1.60377025 0.60377025 0.42029498],0.9090909090909091
54,PSYCH131,0.5357142857142857,0.75,0.25,0.4642857142857143,0.25,0.75,28,4,4,0.0,0.0,0.0,0.0,0.0,0.0,[0. 1.],[0. 1.],[1.5 0.5],0.5
55,CS224S,0.725,1.0,0.8,0.725,1.0,0.8,40,5,5,1.0,1.0,1.0,0.8,1.0,0.888888888888889,[0. 1.],[0. 1.],[1.62499999 0.62499999],0.5
56,ME115B,0.8538812785388128,0.8928571428571429,0.8148148148148148,0.8538812785388128,0.8928571428571429,0.8148148148148148,219,28,27,0.8928571428571429,1.0,0.9433962264150945,0.8148148148148148,1.0,0.8979591836734693,[0. 1.],[0. 1.],[1.83561262 0.83561262],0.5
57,CS168,0.7638888888888888,0.8947368421052632,0.9444444444444444,0.6944444444444444,0.7894736842105263,0.6666666666666666,144,19,18,0.9333333333333333,0.9333333333333333,0.9333333333333333,1.0,0.9166666666666666,0.9565217391304348,[0. 0. 0. 0. 1.],[0.         0.58333333 0.66666667 0.91666667 1.        ],[1.82035575 0.82035575 0.72085438 0.63877609 0.5       ],0.9583333333333333
58,PSYCH90,0.823170731707317,0.8095238095238095,0.9,0.823170731707317,0.8095238095238095,0.9,164,21,20,0.8095238095238095,1.0,0.8947368421052632,0.9,1.0,0.9473684210526316,[0.  0.5 1. ],[0.         0.66666667 1.        ],[1.89655172 0.89655172 0.68829937],0.5833333333333333
59,PHYSICS63,0.765625,0.625,0.75,0.765625,0.625,0.75,128,16,16,0.625,1.0,0.7692307692307693,0.75,1.0,0.8571428571428571,[0. 1. 1.],[0.         0.91666667 1.        ],[1.81719245 0.81719245 0.5143172 ],0.4583333333333333
60,PHYSICS41,0.6626262626262627,0.6612903225806451,0.6397849462365591,0.6626262626262627,0.6612903225806451,0.6397849462365591,1485,186,186,0.6612903225806451,1.0,0.7961165048543689,0.6397849462365591,1.0,0.7803278688524591,[0. 1.],[0. 1.],[1.65993266 0.65993266],0.5
61,STATS191,0.8,1.0,0.8636363636363636,0.8,1.0,0.8636363636363636,180,23,22,1.0,1.0,1.0,0.8636363636363636,1.0,0.9268292682926829,[0. 1. 1.],[0.         0.89473684 1.        ],[1.77844254 0.77844254 0.76923077],0.4473684210526316
62,CS142,0.7072368421052632,0.6578947368421053,0.6842105263157895,0.6644736842105263,0.631578947368421,0.6842105263157895,608,76,76,0.8235294117647058,0.5833333333333334,0.6829268292682927,0.9117647058823529,0.5961538461538461,0.7209302325581395,[0.         0.         0.04166667 0.125      1.        ],[0.         0.17307692 0.53846154 0.59615385 1.        ],[1.92106689 0.92106689 0.85401532 0.66095088 0.49426277],0.7604166666666667
63,CHEMENG110,0.7432432432432432,0.9,0.5555555555555556,0.7432432432432432,0.9,0.5555555555555556,74,10,9,0.9,1.0,0.9473684210526316,0.5555555555555556,1.0,0.7142857142857143,[0. 0. 1.],[0. 1. 1.],[1.8684077  0.8684077  0.50001409],1.0
64,CS240,0.38095238095238093,0.3333333333333333,0.3333333333333333,0.6190476190476191,0.6666666666666666,0.6666666666666666,21,3,3,0.0,0.0,0.0,0.0,0.0,0.0,[0. 1.],[0. 1.],[1.5 0.5],0.5
65,MATH121,0.8529411764705882,0.8888888888888888,0.75,0.8529411764705882,0.8888888888888888,0.75,68,9,8,0.8888888888888888,1.0,0.9411764705882353,0.75,1.0,0.8571428571428571,[0. 1.],[0. 1.],[1.79411764 0.79411764],0.5
66,CHEM173,0.7567567567567568,0.6842105263157895,0.7777777777777778,0.5472972972972973,0.6842105263157895,0.5555555555555556,148,19,18,0.8181818181818182,0.6923076923076923,0.7500000000000001,0.875,0.7,0.7777777777777777,[0.    0.125 0.25  1.   ],[0.  0.7 0.8 1. ],[1.735882   0.735882   0.43387757 0.36149015],0.8125
67,EE153,0.5714285714285714,0.75,0.5,0.42857142857142855,0.25,0.5,28,4,4,0.0,0.0,0.0,0.0,0.0,0.0,[0. 1.],[0. 1.],[1.5 0.5],0.5
68,BIO43,0.7666666666666667,0.631578947368421,0.7368421052631579,0.7666666666666667,0.631578947368421,0.7368421052631579,150,19,19,0.631578947368421,1.0,0.7741935483870968,0.7368421052631579,1.0,0.8484848484848484,[0.  0.  0.  0.  0.  0.2 0.2 1. ],"[0.         0.14285714 0.42857143 0.71428571 0.78571429 0.78571429
 0.85714286 1.        ]","[1.93884963 0.93884963 0.9252444  0.85090509 0.84718617 0.79659505
 0.67328889 0.53271387]",0.9
69,ENGR40M,0.6066863323500492,0.6328125,0.5590551181102362,0.6066863323500492,0.6328125,0.5590551181102362,1017,128,127,0.6328125,1.0,0.7751196172248804,0.5590551181102362,1.0,0.7171717171717172,[0.         0.46428571 1.        ],[0.         0.50704225 1.        ],[1.62844037 0.62844037 0.58347103],0.5213782696177063
70,CEE182,0.7037037037037037,1.0,0.3333333333333333,0.7037037037037037,1.0,0.3333333333333333,27,4,3,1.0,1.0,1.0,0.3333333333333333,1.0,0.5,[0.  0.5 1. ],[0. 0. 1.],[1.57894473 0.57894473 0.50000627],0.25
71,MATH147,0.6923076923076923,0.75,0.6666666666666666,0.6923076923076923,0.75,0.6666666666666666,26,4,3,0.75,1.0,0.8571428571428571,0.6666666666666666,1.0,0.8,[0. 1.],[0. 1.],[1.53846154 0.53846154],0.5
72,BIO158,0.7976190476190477,0.8181818181818182,0.5,0.7976190476190477,0.8181818181818182,0.5,84,11,10,0.8181818181818182,1.0,0.9,0.5,1.0,0.6666666666666666,[0. 0. 1.],[0.  0.6 1. ],[1.7812651  0.7812651  0.73075994],0.8
73,CS227B,0.8562874251497006,0.8571428571428571,0.9523809523809523,0.8562874251497006,0.8571428571428571,0.9523809523809523,167,21,21,0.8571428571428571,1.0,0.923076923076923,0.9523809523809523,1.0,0.975609756097561,[0. 0. 1.],[0.  0.6 1. ],[1.83695652 0.83695652 0.82665398],0.8
74,EE263,0.6854838709677419,0.8125,0.625,0.6854838709677419,0.8125,0.625,124,16,16,0.8125,1.0,0.896551724137931,0.625,1.0,0.7692307692307693,[0. 1.],[0. 1.],[1.65322403 0.65322403],0.5
75,CHEM131,0.7870722433460076,0.696969696969697,0.7878787878787878,0.4790874524714829,0.5151515151515151,0.3939393939393939,263,33,33,0.6842105263157895,0.7647058823529411,0.7222222222222222,0.7142857142857143,0.7692307692307693,0.7407407407407408,[0.  0.2 1. ],[0.         0.76923077 1.        ],[1.73846154 0.73846154 0.25564313],0.7846153846153847
76,ECON178,0.9017094017094017,0.9333333333333333,0.896551724137931,0.9017094017094017,0.9333333333333333,0.896551724137931,234,30,29,0.9333333333333333,1.0,0.9655172413793104,0.896551724137931,1.0,0.9454545454545454,[0.         0.33333333 0.33333333 0.66666667 1.        ],[0.         0.30769231 0.42307692 0.61538462 1.        ],[1.92132257 0.92132257 0.91209378 0.84853184 0.83231873],0.4935897435897436
77,CS166,0.7525773195876289,0.8461538461538461,0.5833333333333334,0.6494845360824743,0.8461538461538461,0.5,97,13,12,0.8461538461538461,1.0,0.9166666666666666,0.5454545454545454,1.0,0.7058823529411764,[0.         0.5        0.66666667 1.        ],[0.         0.83333333 1.         1.        ],[1.71268512 0.71268512 0.67404452 0.5       ],0.6944444444444444
78,CS210B,0.9893617021276596,1.0,0.9565217391304348,0.9893617021276596,1.0,0.9565217391304348,188,24,23,1.0,1.0,1.0,0.9565217391304348,1.0,0.9777777777777777,[0. 1. 1.],[0.         0.90909091 1.        ],[1.9691358  0.9691358  0.96153313],0.45454545454545453
79,PHIL151,0.6293103448275862,0.6666666666666666,0.5333333333333333,0.6293103448275862,0.6666666666666666,0.5333333333333333,116,15,15,0.6666666666666666,1.0,0.8,0.5333333333333333,1.0,0.6956521739130436,[0.         0.28571429 1.        ],[0.  0.5 1. ],[1.68422735 0.68422735 0.55127385],0.6071428571428571
80,ME131B,0.6973684210526315,0.5862068965517241,0.7586206896551724,0.6096491228070176,0.6551724137931034,0.5862068965517241,228,29,29,0.7692307692307693,0.5263157894736842,0.625,0.7777777777777778,0.8235294117647058,0.7999999999999999,[0.         0.33333333 1.        ],[0.         0.82352941 1.        ],[1.70944103 0.70944103 0.47503409],0.7450980392156863
81,BIO41,0.6253602305475504,0.5454545454545454,0.7209302325581395,0.5706051873198847,0.6590909090909091,0.4883720930232558,347,44,43,0.9090909090909091,0.3448275862068966,0.5000000000000001,1.0,0.42857142857142855,0.6,[0. 0. 0. 0. 1.],[0.         0.28571429 0.33333333 0.42857143 1.        ],[1.86173002 0.86173002 0.7683862  0.65260572 0.5       ],0.7142857142857143
82,LINGUIST130A,0.8226950354609929,0.7222222222222222,0.7777777777777778,0.8226950354609929,0.7222222222222222,0.7777777777777778,141,18,18,0.7222222222222222,1.0,0.8387096774193548,0.7777777777777778,1.0,0.8750000000000001,[0. 1.],[0. 1.],[1.79432314 0.79432314],0.5
83,HUMBIO128,0.8055555555555556,0.8,0.8,0.8055555555555556,0.8,0.8,36,5,5,0.8,1.0,0.888888888888889,0.8,1.0,0.888888888888889,[0. 1.],[0. 1.],[1.69444444 0.69444444],0.5
84,CS221,0.7837370242214533,0.7379310344827587,0.7793103448275862,0.717128027681661,0.6551724137931034,0.7241379310344828,1156,145,145,0.7567567567567568,0.8842105263157894,0.8155339805825244,0.811965811965812,0.9047619047619048,0.8558558558558558,"[0.    0.    0.05  0.05  0.05  0.05  0.075 0.075 0.15  0.175 0.175 0.2
 0.225 0.275 0.325 0.375 0.425 0.425 0.55  0.55  0.8   1.   ]","[0.         0.12380952 0.45714286 0.47619048 0.57142857 0.59047619
 0.62857143 0.64761905 0.71428571 0.72380952 0.74285714 0.74285714
 0.76190476 0.82857143 0.86666667 0.86666667 0.87619048 0.88571429
 0.9047619  0.91428571 0.98095238 1.        ]","[1.92027383 0.92027383 0.91971081 0.85272641 0.85176321 0.82116203
 0.82003596 0.80410005 0.80289234 0.76606893 0.72198698 0.69893226
 0.69726626 0.69564921 0.67140443 0.62017394 0.61837049 0.56572069
 0.53799958 0.48010688 0.44836249 0.31657838]",0.8521428571428571
85,ECON140,0.696969696969697,0.47058823529411764,0.6875,0.696969696969697,0.47058823529411764,0.6875,132,17,16,0.47058823529411764,1.0,0.6399999999999999,0.6875,1.0,0.8148148148148148,[0.  0.2 0.2 0.4 1. ],[0.         0.45454545 0.81818182 0.81818182 1.        ],[1.74813446 0.74813446 0.70956948 0.55250419 0.50385006],0.7545454545454546
86,CS265,0.7435897435897436,0.4,0.8,0.6666666666666666,0.8,0.8,39,5,5,0.6666666666666666,0.5,0.5714285714285715,1.0,0.75,0.8571428571428571,[0. 0. 1.],[0.   0.75 1.  ],[1.63332802 0.63332802 0.5       ],0.875
87,EE107,0.7910447761194029,0.6666666666666666,0.875,0.7910447761194029,0.6666666666666666,0.875,67,9,8,0.6666666666666666,1.0,0.8,0.875,1.0,0.9333333333333333,[0. 0. 1.],[0.         0.57142857 1.        ],[1.87501239 0.87501239 0.59998867],0.7857142857142857
88,CME108,0.711864406779661,0.75,0.5714285714285714,0.711864406779661,0.75,0.5714285714285714,59,8,7,0.75,1.0,0.8571428571428571,0.5714285714285714,1.0,0.7272727272727273,[0. 1.],[0. 1.],[1.64405866 0.64405866],0.5
89,CS246,0.65,0.8,0.75,0.5625,0.7,0.65,160,20,20,0.8571428571428571,0.8571428571428571,0.8571428571428571,0.7857142857142857,0.8461538461538461,0.8148148148148148,[0.         0.         0.14285714 0.42857143 1.        ],[0.         0.69230769 0.84615385 0.84615385 1.        ],[1.67423748 0.67423748 0.6274699  0.53957273 0.48814892],0.8791208791208791
90,CS143,0.7012987012987013,0.75,0.7894736842105263,0.5454545454545454,0.6,0.7368421052631579,154,20,19,0.7058823529411765,1.0,0.8275862068965517,0.8125,0.9285714285714286,0.8666666666666666,[0.  0.4 0.6 0.6 1. ],[0.         0.78571429 0.92857143 1.         1.        ],[1.66081166 0.66081166 0.58241061 0.46730893 0.38575596],0.7285714285714285
91,BIO188,0.8064516129032258,0.5,0.25,0.5161290322580645,0.75,0.5,31,4,4,0.6666666666666666,0.6666666666666666,0.6666666666666666,0.0,0.0,0.0,[0.  0.5 1. ],[0. 0. 1.],[1.5714285 0.5714285 0.5      ],0.25
92,ENGR62,0.7717391304347826,0.75,0.6363636363636364,0.7717391304347826,0.75,0.6363636363636364,92,12,11,0.75,1.0,0.8571428571428571,0.6363636363636364,1.0,0.7777777777777778,[0.   0.25 0.75 1.  ],[0.         0.42857143 0.71428571 1.        ],[1.76471432 0.76471432 0.72916667 0.70368193],0.5535714285714286
93,MS&E211,0.7326732673267327,0.7692307692307693,0.6923076923076923,0.7326732673267327,0.7692307692307693,0.6923076923076923,101,13,13,0.7692307692307693,1.0,0.8695652173913044,0.6923076923076923,1.0,0.8181818181818181,[0. 1.],[0. 1.],[1.69306414 0.69306414],0.5
94,CEE180,0.6944444444444444,1.0,0.75,0.6944444444444444,1.0,0.75,36,5,4,1.0,1.0,1.0,0.75,1.0,0.8571428571428571,[0. 0. 0. 1.],[0.         0.66666667 1.         1.        ],[1.62500535 0.62500535 0.55554604 0.54546335],1.0
95,ME131A,0.6690647482014388,0.7142857142857143,0.6571428571428571,0.5539568345323741,0.5428571428571428,0.7714285714285715,278,35,35,0.7142857142857143,0.7894736842105263,0.7500000000000001,0.8571428571428571,0.6666666666666666,0.75,[0.    0.25  0.375 0.875 1.   ],[0.         0.51851852 0.66666667 0.88888889 1.        ],[1.68409535 0.68409535 0.60980055 0.46953629 0.38979146],0.6458333333333333
96,BIOE123,0.9661016949152542,1.0,0.9333333333333333,0.9661016949152542,1.0,0.9333333333333333,118,15,15,1.0,1.0,1.0,0.9333333333333333,1.0,0.9655172413793104,[0. 1.],[0. 1.],[1.93220322 0.93220322],0.5
97,CHEM185,0.7419354838709677,0.5,1.0,0.6774193548387096,1.0,0.75,31,4,4,1.0,0.5,0.6666666666666666,1.0,1.0,1.0,[0. 0. 1.],[0. 1. 1.],[1.66666666 0.66666666 0.5       ],1.0
98,CME102A,0.711864406779661,0.6,0.8666666666666667,0.711864406779661,0.6,0.8666666666666667,118,15,15,0.6,1.0,0.7499999999999999,0.8666666666666667,1.0,0.9285714285714286,[0. 1.],[0. 1.],[1.6779661 0.6779661],0.5
99,COMM108,0.8115183246073299,0.9583333333333334,0.9166666666666666,0.8115183246073299,0.9583333333333334,0.9166666666666666,191,24,24,0.9583333333333334,1.0,0.9787234042553191,0.9166666666666666,1.0,0.9565217391304348,[0. 0. 1.],[0.         0.18181818 1.        ],[1.8604738  0.8604738  0.77026774],0.5909090909090909
100,MATH104,0.7028985507246377,0.7307692307692307,0.6730769230769231,0.7028985507246377,0.7307692307692307,0.6730769230769231,414,52,52,0.7307692307692307,1.0,0.8444444444444443,0.6730769230769231,1.0,0.8045977011494253,"[0.         0.05882353 0.05882353 0.05882353 0.17647059 0.35294118
 0.35294118 0.41176471 1.        ]","[0.         0.11428571 0.14285714 0.22857143 0.65714286 0.68571429
 0.74285714 0.8        1.        ]","[1.86979015 0.86979015 0.85832465 0.78781464 0.77103105 0.7006802
 0.67980562 0.56543187 0.54129986]",0.7487394957983193
101,ECON159,0.75,0.5,0.75,0.75,0.5,0.75,28,4,4,0.5,1.0,0.6666666666666666,0.75,1.0,0.8571428571428571,[0. 0. 1.],[0.         0.66666667 1.        ],[1.62499395 0.62499395 0.5833414 ],0.8333333333333333
102,PHYSICS330,0.9117647058823529,1.0,0.75,0.9117647058823529,1.0,0.75,34,5,4,1.0,1.0,1.0,0.75,1.0,0.8571428571428571,[0. 1.],[0. 1.],[1.79411458 0.79411458],0.5
103,MS&E146,0.7727272727272727,0.7777777777777778,0.625,0.7727272727272727,0.7777777777777778,0.625,66,9,8,0.7777777777777778,1.0,0.8750000000000001,0.625,1.0,0.7692307692307693,[0. 1.],[0. 1.],[1.71212119 0.71212119],0.5
104,EE155,0.76,0.75,0.3333333333333333,0.76,0.75,0.3333333333333333,25,4,3,0.75,1.0,0.8571428571428571,0.3333333333333333,1.0,0.5,[0. 1.],[0. 1.],[1.59999929 0.59999929],0.5
105,PHYSICS131,0.8585858585858586,1.0,0.9166666666666666,0.7272727272727273,0.9230769230769231,0.8333333333333334,99,13,12,1.0,1.0,1.0,1.0,0.9,0.9473684210526316,[0. 0. 0. 1.],[0.  0.5 0.9 1. ],[1.86019542 0.86019542 0.81497446 0.5       ],0.95
106,PHYSICS105,0.7741935483870968,0.75,0.8,0.7741935483870968,0.75,0.8,124,16,15,0.75,1.0,0.8571428571428571,0.8,1.0,0.888888888888889,[0.         0.33333333 1.        ],[0.  0.5 1. ],[1.80770424 0.80770424 0.68417991],0.5833333333333334
107,BIOE103,0.7789473684210526,0.6666666666666666,0.8333333333333334,0.7157894736842105,0.75,0.5833333333333334,95,12,12,0.7272727272727273,0.8888888888888888,0.7999999999999999,0.7777777777777778,1.0,0.8750000000000001,[0.  0.2 0.2 0.4 0.4 1. ],[0.         0.28571429 0.57142857 0.85714286 1.         1.        ],[1.84227755 0.84227755 0.79043839 0.79024707 0.71199922 0.5       ],0.7714285714285714
108,CS106B,0.6918502973067506,0.7039106145251397,0.6582633053221288,0.6918502973067506,0.7039106145251397,0.6582633053221288,2859,358,357,0.7039106145251397,1.0,0.8262295081967214,0.6582633053221288,1.0,0.793918918918919,[0.         0.43442623 1.        ],[0.         0.57021277 1.        ],[1.75117272 0.75117272 0.62276828],0.5678932682246252
109,BIO115,0.9090909090909091,0.8,0.5,0.9090909090909091,0.8,0.5,33,5,4,0.8,1.0,0.888888888888889,0.5,1.0,0.6666666666666666,[0. 1.],[0. 1.],[1.7878766 0.7878766],0.5
110,MS&E120,0.6707317073170732,0.75,0.6862745098039216,0.6707317073170732,0.75,0.6862745098039216,410,52,51,0.75,1.0,0.8571428571428571,0.6862745098039216,1.0,0.813953488372093,[0.    0.    0.125 1.   ],[0.         0.22857143 0.51428571 1.        ],[1.84129093 0.84129093 0.79777829 0.5697535 ],0.7089285714285714
111,ENERGY160,0.8461538461538461,1.0,0.5,0.8461538461538461,1.0,0.5,13,2,2,1.0,1.0,1.0,0.5,1.0,0.6666666666666666,[0. 1.],[0. 1.],[1.53846154 0.53846154],0.5
112,CS124,0.8474801061007957,0.7789473684210526,0.8617021276595744,0.8474801061007957,0.7789473684210526,0.8617021276595744,754,95,94,0.7789473684210526,1.0,0.8757396449704142,0.8617021276595744,1.0,0.9257142857142857,"[0.         0.07692308 0.15384615 0.15384615 0.23076923 0.23076923
 0.23076923 0.30769231 1.        ]","[0.         0.2345679  0.28395062 0.40740741 0.59259259 0.65432099
 0.75308642 0.81481481 1.        ]","[1.98068177 0.98068177 0.95042436 0.94732123 0.93060772 0.87165102
 0.83510832 0.82610773 0.64210213]",0.7559354226020892
113,EE261,0.7407407407407407,0.5714285714285714,0.42857142857142855,0.5925925925925926,0.7142857142857143,0.8571428571428571,54,7,7,1.0,0.4,0.5714285714285715,1.0,0.3333333333333333,0.5,[0. 0. 1.],[0.         0.33333333 1.        ],[1.74999976 0.74999976 0.5       ],0.6666666666666666
114,COMM106,0.8811881188118812,0.8461538461538461,0.9230769230769231,0.8811881188118812,0.8461538461538461,0.9230769230769231,101,13,13,0.8461538461538461,1.0,0.9166666666666666,0.9230769230769231,1.0,0.9600000000000001,[0. 1.],[0. 1.],[1.84158369 0.84158369],0.5
115,CHEMENG181,0.8308823529411765,0.8235294117647058,0.8235294117647058,0.6764705882352942,0.7058823529411765,0.6470588235294118,136,17,17,0.8461538461538461,0.9166666666666666,0.8799999999999999,0.8333333333333334,0.9090909090909091,0.8695652173913043,[0.         0.         0.         0.16666667 0.33333333 1.        ],[0.         0.36363636 0.45454545 0.90909091 0.90909091 1.        ],[1.8955099  0.8955099  0.77623203 0.73821002 0.53300858 0.44383607],0.9015151515151516
116,ECON111,0.8333333333333334,0.6,0.6428571428571429,0.8333333333333334,0.6,0.6428571428571429,114,15,14,0.6,1.0,0.7499999999999999,0.6428571428571429,1.0,0.782608695652174,[0.  0.4 0.6 0.6 1. ],[0.         0.66666667 0.77777778 1.         1.        ],[1.88425803 0.88425803 0.84259084 0.70955529 0.63122429],0.6777777777777778
117,AA100,0.8461538461538461,0.8571428571428571,0.9230769230769231,0.8461538461538461,0.8571428571428571,0.9230769230769231,104,14,13,0.8571428571428571,1.0,0.923076923076923,0.9230769230769231,1.0,0.9600000000000001,[0. 1.],[0. 1.],[1.80769231 0.80769231],0.5
118,OSPBER40M,0.9285714285714286,1.0,0.8571428571428571,0.9285714285714286,1.0,0.8571428571428571,56,7,7,1.0,1.0,1.0,0.8571428571428571,1.0,0.923076923076923,[0. 1.],[0. 1.],[1.85714273 0.85714273],0.5
119,ME346A,0.6,1.0,0.3333333333333333,0.4,0.0,0.6666666666666666,20,3,3,0.0,0.0,0.0,0.0,0.0,0.0,[0. 1.],[0. 1.],[1.5 0.5],0.5
120,EE271,0.4375,1.0,0.5,0.5625,0.0,0.5,16,2,2,0.0,0.0,0.0,0.0,0.0,0.0,[0. 1.],[0. 1.],[1.5 0.5],0.5
121,EE223,0.9375,1.0,0.5,0.9375,1.0,0.5,16,3,2,1.0,1.0,1.0,0.5,1.0,0.6666666666666666,[0. 1.],[0. 1.],[1.6875 0.6875],0.5
122,EE101B,0.8068181818181818,0.8333333333333334,0.8181818181818182,0.6136363636363636,0.5833333333333334,0.8181818181818182,88,12,11,0.8571428571428571,0.8571428571428571,0.8571428571428571,1.0,0.7777777777777778,0.8750000000000001,[0. 0. 1.],[0.         0.77777778 1.        ],[1.82270912 0.82270912 0.48662077],0.8888888888888888
123,CHEM176,0.7962962962962963,0.8571428571428571,0.7142857142857143,0.7962962962962963,0.8571428571428571,0.7142857142857143,54,7,7,0.8571428571428571,1.0,0.923076923076923,0.7142857142857143,1.0,0.8333333333333333,[0. 0. 1.],[0.  0.6 1. ],[1.73333333 0.73333333 0.70833073],0.8
124,MS&E220,0.68,0.75,0.6666666666666666,0.68,0.75,0.6666666666666666,25,4,3,0.75,1.0,0.8571428571428571,0.6666666666666666,1.0,0.8,[0. 1.],[0. 1.],[1.52 0.52],0.5
125,ENGR15,0.6408839779005525,0.6304347826086957,0.6222222222222222,0.5331491712707183,0.6086956521739131,0.5777777777777777,362,46,45,0.6896551724137931,0.7142857142857143,0.7017543859649122,0.6363636363636364,0.8076923076923077,0.7118644067796609,[0.         0.31578947 0.63157895 0.68421053 1.        ],[0.         0.38461538 0.80769231 0.80769231 1.        ],[1.64057991 0.64057991 0.59049782 0.44050015 0.38912523],0.5769230769230769
126,CEE181,0.4375,0.4,0.75,0.5625,0.6,0.25,32,5,4,0.0,0.0,0.0,0.0,0.0,0.0,[0. 1.],[0. 1.],[1.5 0.5],0.5
127,EE364A,0.847457627118644,0.875,0.8571428571428571,0.847457627118644,0.875,0.8571428571428571,59,8,7,0.875,1.0,0.9333333333333333,0.8571428571428571,1.0,0.923076923076923,[0. 0. 1.],[0.         0.66666667 1.        ],[1.78947368 0.78947368 0.77500272],0.8333333333333333
128,ME210,0.8137931034482758,0.8421052631578947,0.5555555555555556,0.8137931034482758,0.8421052631578947,0.5555555555555556,145,19,18,0.8421052631578947,1.0,0.9142857142857143,0.5555555555555556,1.0,0.7142857142857143,[0. 1.],[0. 1.],[1.78620315 0.78620315],0.5
129,ECON52,0.7533632286995515,0.6428571428571429,0.7142857142857143,0.7107623318385651,0.75,0.7142857142857143,446,56,56,0.84375,0.6428571428571429,0.7297297297297298,0.8,0.8,0.8000000000000002,[0.  0.5 1. ],[0.  0.8 1. ],[1.83054858 0.83054858 0.48968881],0.65
130,CS103,0.5493101686254471,0.47346938775510206,0.5183673469387755,0.5493101686254471,0.47346938775510206,0.5183673469387755,1957,245,245,0.47346938775510206,1.0,0.6426592797783934,0.5183673469387755,1.0,0.6827956989247311,[0.         0.55932203 1.        ],[0.         0.57480315 1.        ],[1.55703741 0.55703741 0.53760427],0.5077405578539971
131,ME70,0.668769716088328,0.525,0.725,0.5993690851735016,0.55,0.575,317,40,40,0.5483870967741935,0.7727272727272727,0.6415094339622641,0.7,0.9130434782608695,0.7924528301886793,[0.         0.23529412 0.52941176 0.52941176 1.        ],[0.         0.43478261 0.86956522 0.91304348 1.        ],[1.69737052 0.69737052 0.62450808 0.55777674 0.47653315],0.6930946291560103
132,PSYCH120,0.6122448979591837,0.42857142857142855,0.5,0.3877551020408163,0.5714285714285714,0.5,49,7,6,0.0,0.0,0.0,0.0,0.0,0.0,[0. 1.],[0. 1.],[1.46938776 0.46938776],0.5
133,MATH175,0.7083333333333334,1.0,0.6666666666666666,0.7083333333333334,1.0,0.6666666666666666,24,4,3,1.0,1.0,1.0,0.6666666666666666,1.0,0.8,[0. 1.],[0. 1.],[1.54166667 0.54166667],0.5
134,CHEMENG174,0.7391304347826086,0.6666666666666666,0.6666666666666666,0.7391304347826086,0.6666666666666666,0.6666666666666666,23,3,3,0.6666666666666666,1.0,0.8,0.6666666666666666,1.0,0.8,[0. 1.],[0. 1.],[1.5652172 0.5652172],0.5
135,LINGUIST130B,0.7818181818181819,0.7142857142857143,0.7142857142857143,0.7818181818181819,0.7142857142857143,0.7142857142857143,55,7,7,0.7142857142857143,1.0,0.8333333333333333,0.7142857142857143,1.0,0.8333333333333333,[0. 1.],[0. 1.],[1.70909089 0.70909089],0.5
136,PHYSICS130,0.7226890756302521,0.6666666666666666,0.5333333333333333,0.7226890756302521,0.6666666666666666,0.5333333333333333,119,15,15,0.6666666666666666,1.0,0.8,0.5333333333333333,1.0,0.6956521739130436,[0.         0.         0.14285714 0.42857143 1.        ],[0.    0.375 0.5   0.5   1.   ],[1.9168066  0.9168066  0.81710843 0.73001701 0.52294854],0.6339285714285714
137,STATS217,0.39285714285714285,0.25,0.3333333333333333,0.6071428571428571,0.75,0.6666666666666666,28,4,3,0.0,0.0,0.0,0.0,0.0,0.0,[0. 1.],[0. 1.],[1.5 0.5],0.5
138,ECON136,0.8611111111111112,0.7894736842105263,0.7777777777777778,0.8611111111111112,0.7894736842105263,0.7777777777777778,144,19,18,0.7894736842105263,1.0,0.8823529411764706,0.7777777777777778,1.0,0.8750000000000001,[0. 0. 1.],[0.         0.42857143 1.        ],[1.86813187 0.86813187 0.77359201],0.7142857142857143
139,PHYSICS110,0.7638888888888888,0.8888888888888888,0.8888888888888888,0.7638888888888888,0.8888888888888888,0.8888888888888888,144,18,18,0.8888888888888888,1.0,0.9411764705882353,0.8888888888888888,1.0,0.9411764705882353,[0.  0.5 0.5 0.5 1. ],[0.     0.0625 0.1875 0.4375 1.    ],[1.88356321 0.88356321 0.85663783 0.67592118 0.62154626],0.375
140,MATH21,0.6053067993366501,0.5761589403973509,0.5562913907284768,0.5356550580431177,0.609271523178808,0.5298013245033113,1206,151,151,0.8043478260869565,0.40217391304347827,0.5362318840579711,0.6585365853658537,0.3375,0.4462809917355372,[0.        0.1971831 1.       ],[0.     0.3375 1.    ],[1.71314467 0.71314467 0.45884385],0.5701584507042253
141,CHEM135,0.79,0.7692307692307693,0.6153846153846154,0.79,0.7692307692307693,0.6153846153846154,100,13,13,0.7692307692307693,1.0,0.8695652173913044,0.6153846153846154,1.0,0.761904761904762,[0.  0.  0.2 0.2 1. ],[0.    0.25  0.5   0.625 1.   ],[1.87204403 0.87204403 0.85320976 0.58591338 0.54684816],0.7250000000000001
142,PHYSICS43,0.7414772727272727,0.7570621468926554,0.7102272727272727,0.7414772727272727,0.7570621468926554,0.7102272727272727,1408,177,176,0.7570621468926554,1.0,0.8617363344051447,0.7102272727272727,1.0,0.8305647840531561,"[0.         0.         0.         0.11764706 0.15686275 0.15686275
 1.        ]",[0.    0.064 0.104 0.616 0.64  0.672 1.   ],"[1.97365577 0.97365577 0.95428966 0.88980087 0.8290822  0.73262285
 0.5145051 ]",0.771843137254902
143,PHYSICS45,0.6515486725663717,0.5877192982456141,0.6460176991150443,0.6515486725663717,0.5877192982456141,0.6460176991150443,904,114,113,0.5877192982456141,1.0,0.7403314917127072,0.6460176991150443,1.0,0.7849462365591399,[0.    0.225 1.   ],[0.         0.53424658 1.        ],[1.77294524 0.77294524 0.52990572],0.6546232876712329
144,CS157,0.7005813953488372,0.7209302325581395,0.5813953488372093,0.45348837209302323,0.4418604651162791,0.32558139534883723,344,43,43,0.64,0.8421052631578947,0.7272727272727272,0.3888888888888889,0.5,0.43750000000000006,[0.         0.37931034 1.        ],[0.  0.5 1. ],[1.64330617 0.64330617 0.31551301],0.560344827586207
145,CS242,0.8194444444444444,0.7,0.7777777777777778,0.8194444444444444,0.7,0.7777777777777778,72,10,9,0.7,1.0,0.8235294117647058,0.7777777777777778,1.0,0.8750000000000001,[0. 1. 1.],[0.         0.85714286 1.        ],[1.80393299 0.80393299 0.66663892],0.42857142857142855
146,CS145,0.7588532883642496,0.7066666666666667,0.8513513513513513,0.7284991568296796,0.68,0.6621621621621622,593,75,74,0.7959183673469388,0.7647058823529411,0.7799999999999999,0.8653846153846154,0.9183673469387755,0.8910891089108911,[0.   0.04 0.04 0.28 1.  ],[0.         0.59183673 0.7755102  0.91836735 1.        ],[1.91472452 0.91472452 0.78182903 0.74685965 0.49638864],0.9057142857142857
147,MATH146,0.7142857142857143,0.75,0.75,0.7142857142857143,0.75,0.75,28,4,4,0.75,1.0,0.8571428571428571,0.75,1.0,0.8571428571428571,[0. 1.],[0. 1.],[1.5714285 0.5714285],0.5
148,ENGR105,0.5548387096774193,0.4,0.631578947368421,0.5548387096774193,0.4,0.631578947368421,155,20,19,0.4,1.0,0.5714285714285715,0.631578947368421,1.0,0.7741935483870968,[0.         0.28571429 1.        ],[0.         0.58333333 1.        ],[1.56716418 0.56716418 0.50000047],0.648809523809524
149,CHEMENG185A,0.9473684210526315,0.75,0.8333333333333334,0.9473684210526315,0.75,0.8333333333333334,95,12,12,0.75,1.0,0.8571428571428571,0.8333333333333334,1.0,0.9090909090909091,[0.  0.5 1.  1.  1. ],[0.  0.5 0.7 0.8 1. ],[1.94299585 0.94299585 0.92924938 0.83627971 0.80219685],0.425
150,MCS100,0.9583333333333334,0.8333333333333334,0.8333333333333334,0.9583333333333334,0.8333333333333334,0.8333333333333334,48,6,6,0.8333333333333334,1.0,0.9090909090909091,0.8333333333333334,1.0,0.9090909090909091,[0. 1.],[0. 1.],[1.87499992 0.87499992],0.5
151,CHEMENG160,0.38095238095238093,0.6666666666666666,0.6666666666666666,0.6190476190476191,0.3333333333333333,0.3333333333333333,21,3,3,0.0,0.0,0.0,0.0,0.0,0.0,[0. 1.],[0. 1.],[1.5 0.5],0.5
152,EE124,0.75,0.8888888888888888,0.75,0.6911764705882353,0.7777777777777778,0.75,68,9,8,0.875,1.0,0.9333333333333333,0.75,1.0,0.8571428571428571,[0.  0.  0.5 1. ],[0.         0.83333333 0.83333333 1.        ],[1.76885032 0.76885032 0.73804082 0.54141003],0.875
153,MATH131P,0.6470588235294118,0.6153846153846154,0.6923076923076923,0.5686274509803921,0.6923076923076923,0.6923076923076923,102,13,13,0.7,0.7777777777777778,0.7368421052631577,0.8571428571428571,0.6666666666666666,0.75,[0.   0.25 1.  ],[0.         0.66666667 1.        ],[1.59722164 0.59722164 0.5       ],0.7083333333333334
154,CS279,0.8723404255319149,1.0,0.6666666666666666,0.8723404255319149,1.0,0.6666666666666666,94,12,12,1.0,1.0,1.0,0.6666666666666666,1.0,0.8,[0.   0.75 1.  ],[0.    0.625 1.   ],[1.87234043 0.87234043 0.78724367],0.4375
155,IPS207,0.8,1.0,0.5,0.8,1.0,0.5,15,2,2,1.0,1.0,1.0,0.5,1.0,0.6666666666666666,[0. 1.],[0. 1.],[1.53333333 0.53333333],0.5
156,PSYCH95,0.8547717842323651,0.8064516129032258,0.8333333333333334,0.8547717842323651,0.8064516129032258,0.8333333333333334,241,31,30,0.8064516129032258,1.0,0.8928571428571428,0.8333333333333334,1.0,0.9090909090909091,[0.  0.2 1. ],[0.   0.68 1.  ],[1.90505318 0.90505318 0.71086261],0.7400000000000002
157,CS193P,0.625,0.5714285714285714,0.7142857142857143,0.375,0.42857142857142855,0.2857142857142857,56,7,7,0.0,0.0,0.0,0.0,0.0,0.0,[0. 1.],[0. 1.],[1.44642858 0.44642858],0.5
158,CS109,0.7354211663066955,0.7198275862068966,0.7056277056277056,0.6663066954643628,0.6336206896551724,0.6666666666666666,1852,232,231,0.7662337662337663,0.8027210884353742,0.7840531561461794,0.7828947368421053,0.7727272727272727,0.7777777777777778,"[0.         0.         0.         0.         0.03896104 0.03896104
 0.06493506 0.06493506 0.12987013 0.12987013 0.12987013 0.24675325
 0.31168831 0.36363636 0.38961039 0.42857143 0.64935065 1.        ]","[0.         0.04545455 0.05194805 0.09090909 0.23376623 0.25324675
 0.36363636 0.37662338 0.48051948 0.48701299 0.5        0.61688312
 0.63636364 0.74675325 0.75974026 0.77272727 0.87662338 1.        ]","[1.96186771 0.96186771 0.94054385 0.92501336 0.89744195 0.85308226
 0.84586399 0.82758362 0.81058291 0.75063494 0.73955673 0.72853569
 0.70125485 0.66825144 0.59548424 0.5249207  0.49624255 0.3507938 ]",0.7445606341710238
159,CHEM35,0.7757352941176471,0.6568627450980392,0.7352941176470589,0.5196078431372549,0.5294117647058824,0.5196078431372549,816,102,102,0.6727272727272727,0.6851851851851852,0.6788990825688074,0.7407407407407407,0.7547169811320755,0.7476635514018692,[0.         0.28571429 1.        ],[0.         0.75471698 1.        ],[1.77540542 0.77540542 0.25446185],0.7345013477088949
160,PSYCH80,0.7486033519553073,0.6666666666666666,0.8,0.7486033519553073,0.6666666666666666,0.8,358,45,45,0.6666666666666666,1.0,0.8,0.8,1.0,0.888888888888889,[0.         0.33333333 1.        ],[0.         0.66666667 1.        ],[1.85106383 0.85106383 0.6117758 ],0.6666666666666667
161,CEE166B,0.25,0.5,0.5,0.75,0.5,0.5,16,2,2,0.0,0.0,0.0,0.0,0.0,0.0,[0. 1.],[0. 1.],[1.5 0.5],0.5
162,CS147,0.8524590163934426,0.8064516129032258,0.7868852459016393,0.8524590163934426,0.8064516129032258,0.7868852459016393,488,62,61,0.8064516129032258,1.0,0.8928571428571428,0.7868852459016393,1.0,0.8807339449541284,[0.         0.30769231 1.        ],[0.    0.625 1.   ],[1.89689953 0.89689953 0.76650868],0.6586538461538461
163,CHEMENG120B,0.7236842105263158,0.8,0.7,0.7236842105263158,0.8,0.7,76,10,10,0.8,1.0,0.888888888888889,0.7,1.0,0.8235294117647058,[0. 0. 1.],[0.         0.71428571 1.        ],[1.71665724 0.71665724 0.50003535],0.8571428571428572
164,CS448B,0.6724137931034483,0.5,0.7142857142857143,0.6724137931034483,0.5,0.7142857142857143,58,8,7,0.5,1.0,0.6666666666666666,0.7142857142857143,1.0,0.8333333333333333,[0.  0.5 1. ],[0.  0.6 1. ],[1.62856933 0.62856933 0.56522058],0.55
165,CS348B,0.7419354838709677,0.5,0.75,0.7419354838709677,0.5,0.75,31,4,4,0.5,1.0,0.6666666666666666,0.75,1.0,0.8571428571428571,[0. 1.],[0. 1.],[1.61290157 0.61290157],0.5
166,PHYSICS107,0.7674418604651163,0.8181818181818182,0.7272727272727273,0.7558139534883721,0.9090909090909091,0.8181818181818182,86,11,11,0.9,0.9,0.9,0.8,0.8888888888888888,0.8421052631578948,[0.  0.5 1.  1. ],[0.         0.77777778 0.77777778 1.        ],[1.81709123 0.81709123 0.76494086 0.5       ],0.5833333333333334
167,CS377U,0.8627450980392157,0.7142857142857143,0.3333333333333333,0.8627450980392157,0.7142857142857143,0.3333333333333333,51,7,6,0.7142857142857143,1.0,0.8333333333333333,0.3333333333333333,1.0,0.5,[0. 1.],[0. 1.],[1.78431372 0.78431372],0.5
168,ME115A,0.9755244755244755,0.9722222222222222,0.9722222222222222,0.9755244755244755,0.9722222222222222,0.9722222222222222,286,36,36,0.9722222222222222,1.0,0.9859154929577464,0.9722222222222222,1.0,0.9859154929577464,[0. 1.],[0. 1.],[1.96153846 0.96153846],0.5
169,MATH107,0.7529411764705882,0.7272727272727273,0.6363636363636364,0.7529411764705882,0.7272727272727273,0.6363636363636364,85,11,11,0.7272727272727273,1.0,0.8421052631578948,0.6363636363636364,1.0,0.7777777777777778,[0. 1.],[0. 1.],[1.70588234 0.70588234],0.5
170,ECON126,0.7479674796747967,0.875,0.8666666666666667,0.6666666666666666,0.6875,0.7333333333333333,123,16,15,0.8461538461538461,1.0,0.9166666666666666,1.0,0.8181818181818182,0.9,[0. 0. 1.],[0.         0.81818182 1.        ],[1.80950009 0.80950009 0.5       ],0.9090909090909092
171,MATH52,0.7400950871632329,0.7088607594936709,0.7341772151898734,0.7068145800316957,0.6835443037974683,0.6962025316455697,631,79,79,0.8297872340425532,0.7222222222222222,0.7722772277227723,0.8269230769230769,0.7818181818181819,0.8037383177570092,[0.    0.375 0.875 1.   ],[0.         0.78181818 1.         1.        ],[1.82837776 0.82837776 0.48958464 0.4499816 ],0.7170454545454545
172,CHEM33,0.6481320590790617,0.6041666666666666,0.6597222222222222,0.48305821025195483,0.5347222222222222,0.4444444444444444,1151,144,144,0.6111111111111112,0.7142857142857143,0.6586826347305389,0.5903614457831325,0.765625,0.6666666666666666,[0.     0.0625 0.425  1.    ],[0.       0.28125  0.765625 1.      ],[1.73953156 0.73953156 0.53136825 0.30517115],0.7061523437499999
173,CS106X,0.7240356083086054,0.7209302325581395,0.7142857142857143,0.7240356083086054,0.7209302325581395,0.7142857142857143,337,43,42,0.7209302325581395,1.0,0.8378378378378378,0.7142857142857143,1.0,0.8333333333333333,[0.         0.91666667 1.        ],[0.  0.8 1. ],[1.73684061 0.73684061 0.57693127],0.44166666666666676
174,PHIL152,0.8214285714285714,0.75,0.5,0.8214285714285714,0.75,0.5,28,4,4,0.75,1.0,0.8571428571428571,0.5,1.0,0.6666666666666666,[0. 1.],[0. 1.],[1.67857143 0.67857143],0.5
175,CHEM181,0.7588652482269503,0.8333333333333334,0.7222222222222222,0.723404255319149,0.7777777777777778,0.6666666666666666,141,18,18,0.8666666666666667,0.9285714285714286,0.896551724137931,0.7333333333333333,0.9166666666666666,0.8148148148148148,[0.         0.16666667 0.33333333 1.        ],[0.         0.5        0.83333333 1.        ],[1.88478847 0.88478847 0.82848211 0.5       ],0.7638888888888891
176,PSYCH60,0.7754237288135594,0.8666666666666667,0.8,0.7754237288135594,0.8666666666666667,0.8,236,30,30,0.8666666666666667,1.0,0.9285714285714286,0.8,1.0,0.888888888888889,[0.         0.16666667 1.        ],[0.         0.54166667 1.        ],[1.89828957 0.89828957 0.61865958],0.6874999999999999
177,PHYSICS170,0.8055555555555556,0.7142857142857143,0.6923076923076923,0.8055555555555556,0.7142857142857143,0.6923076923076923,108,14,13,0.7142857142857143,1.0,0.8333333333333333,0.6923076923076923,1.0,0.8181818181818181,[0.   0.25 1.  ],[0.         0.88888889 1.        ],[1.85507246 0.85507246 0.6154073 ],0.8194444444444444
178,MATH205B,0.9,1.0,0.6666666666666666,0.9,1.0,0.6666666666666666,20,3,3,1.0,1.0,1.0,0.6666666666666666,1.0,0.8,[0. 0. 1.],[0. 1. 1.],[1.70588235 0.70588235 0.66666196],1.0
179,MATH53,0.724679029957204,0.7272727272727273,0.6931818181818182,0.7118402282453637,0.6818181818181818,0.6590909090909091,701,88,88,0.8461538461538461,0.7333333333333333,0.7857142857142856,0.7924528301886793,0.7241379310344828,0.7567567567567567,[0.         0.33333333 0.36666667 1.        ],[0.         0.68965517 0.72413793 1.        ],[1.84500784 0.84500784 0.84138837 0.5       ],0.6844827586206896
180,CS224U,0.9572192513368984,0.9583333333333334,0.9565217391304348,0.9572192513368984,0.9583333333333334,0.9565217391304348,187,24,23,0.9583333333333334,1.0,0.9787234042553191,0.9565217391304348,1.0,0.9777777777777777,[0. 0. 0. 0. 1.],[0.         0.27272727 0.59090909 0.77272727 1.        ],[1.96016722 0.96016722 0.94543972 0.9334498  0.90977226],0.8863636363636364
181,PHIL181,0.8541666666666666,1.0,0.8333333333333334,0.8541666666666666,1.0,0.8333333333333334,48,6,6,1.0,1.0,1.0,0.8333333333333334,1.0,0.9090909090909091,[0. 1.],[0. 1.],[1.77083333 0.77083333],0.5
182,MS&E121,0.8432055749128919,0.9166666666666666,0.8055555555555556,0.8432055749128919,0.9166666666666666,0.8055555555555556,287,36,36,0.9166666666666666,1.0,0.9565217391304348,0.8055555555555556,1.0,0.8923076923076924,[0.         0.         0.28571429 0.28571429 1.        ],[0.         0.68965517 0.82758621 0.93103448 1.        ],[1.9135301  0.9135301  0.82079434 0.78312901 0.61021436],0.9064039408866994
183,CHEM151,0.7325581395348837,0.5454545454545454,0.6363636363636364,0.5697674418604651,0.45454545454545453,0.6363636363636364,86,11,11,0.5,0.8,0.6153846153846154,0.8,0.5714285714285714,0.6666666666666666,[0.   0.25 1.  ],[0.         0.57142857 1.        ],[1.65 0.65 0.5 ],0.6607142857142857
184,CS140,0.7431693989071039,0.6956521739130435,0.7391304347826086,0.7049180327868853,0.7391304347826086,0.6956521739130435,183,23,23,0.9166666666666666,0.6470588235294118,0.7586206896551724,0.8125,0.8125,0.8125,[0.         0.42857143 1.        ],[0.     0.8125 1.    ],[1.81895448 0.81895448 0.5       ],0.6919642857142856
185,EE222,0.7241379310344828,0.75,0.5,0.7241379310344828,0.75,0.5,29,4,4,0.75,1.0,0.8571428571428571,0.5,1.0,0.6666666666666666,[0. 0. 1.],[0.  0.5 1. ],[1.63635752 0.63635752 0.55555929],0.75
186,PHYSICS120,0.7,0.6875,0.6666666666666666,0.7,0.6875,0.6666666666666666,120,16,15,0.6875,1.0,0.8148148148148148,0.6666666666666666,1.0,0.8,[0.  0.  0.2 0.2 0.4 0.4 0.6 1. ],[0.  0.4 0.6 0.7 0.8 1.  1.  1. ],"[1.75478331 0.75478331 0.70645921 0.69799896 0.65355367 0.64376602
 0.5959594  0.52551678]",0.85
187,CHEM31B,0.8209934395501406,0.7761194029850746,0.8195488721804511,0.5585754451733833,0.4626865671641791,0.556390977443609,1067,134,133,0.7,0.9032258064516129,0.7887323943661972,0.8289473684210527,0.8513513513513513,0.8400000000000001,[0.         0.22033898 1.        ],[0.         0.85135135 1.        ],[1.77917475 0.77917475 0.12923246],0.815506184150252
188,PHIL187,0.8333333333333334,0.5,0.8333333333333334,0.6875,0.3333333333333333,0.8333333333333334,48,6,6,0.4,1.0,0.5714285714285715,0.8333333333333334,1.0,0.9090909090909091,[0. 1.],[0. 1.],[1.72972966 0.72972966],0.5
189,CHEMENG25B,0.4,0.0,0.5,0.6,1.0,0.5,15,2,2,0.0,0.0,0.0,0.0,0.0,0.0,[0. 1.],[0. 1.],[1.5 0.5],0.5
190,EE101A,0.6938775510204082,0.64,0.72,0.6530612244897959,0.28,0.8,196,25,25,0.4,0.5714285714285714,0.47058823529411764,0.9333333333333333,0.7,0.8,[0.  0.2 1. ],[0.  0.7 1. ],[1.81913779 0.81913779 0.5       ],0.75
191,CS193A,0.9591836734693877,0.9230769230769231,0.9166666666666666,0.9591836734693877,0.9230769230769231,0.9166666666666666,98,13,12,0.9230769230769231,1.0,0.9600000000000001,0.9166666666666666,1.0,0.9565217391304348,[0. 1.],[0. 1.],[1.91836735 0.91836735],0.5
192,CS276,0.7222222222222222,0.8,1.0,0.5277777777777778,0.6,0.8,36,5,5,0.75,1.0,0.8571428571428571,1.0,1.0,1.0,[0. 0. 1.],[0. 1. 1.],[1.50685008 0.50685008 0.5       ],1.0
193,PHIL186,0.864406779661017,1.0,0.8571428571428571,0.7966101694915254,1.0,0.8571428571428571,59,8,7,1.0,1.0,1.0,0.8571428571428571,1.0,0.923076923076923,[0. 1.],[0. 1.],[1.82978723 0.82978723],0.5
194,MATH108,0.6541353383458647,0.8235294117647058,0.8235294117647058,0.6541353383458647,0.8235294117647058,0.8235294117647058,133,17,17,0.8235294117647058,1.0,0.9032258064516129,0.8235294117647058,1.0,0.9032258064516129,[0. 1.],[0. 1.],[1.62406 0.62406],0.5
195,ME112,0.8560157790927022,0.78125,0.9365079365079365,0.8560157790927022,0.78125,0.9365079365079365,507,64,63,0.78125,1.0,0.8771929824561403,0.9365079365079365,1.0,0.9672131147540983,[0.   0.25 0.25 0.25 0.25 0.25 1.   1.  ],"[0.         0.22033898 0.25423729 0.37288136 0.50847458 0.57627119
 0.88135593 1.        ]","[1.9634475  0.9634475  0.93991436 0.91568724 0.89645462 0.83708364
 0.78105257 0.67919181]",0.5741525423728815
196,CHEMENG170,0.7088607594936709,0.9,0.7,0.5443037974683544,0.7,0.6,79,10,10,0.875,1.0,0.9333333333333333,0.6666666666666666,1.0,0.8,[0.   0.75 1.  ],[0. 1. 1.],[1.65573706 0.65573706 0.45996512],0.625
197,MATH145,0.875,1.0,0.6666666666666666,0.875,1.0,0.6666666666666666,24,3,3,1.0,1.0,1.0,0.6666666666666666,1.0,0.8,[0. 1.],[0. 1.],[1.70833314 0.70833314],0.5
198,CS161,0.7083647324792766,0.7530120481927711,0.6987951807228916,0.5795026375282593,0.6265060240963856,0.6385542168674698,1327,166,166,0.7480314960629921,0.9134615384615384,0.8225108225108226,0.7333333333333333,0.8301886792452831,0.7787610619469026,"[0.         0.08333333 0.11666667 0.38333333 0.51666667 0.53333333
 1.        ]","[0.         0.46226415 0.48113208 0.60377358 0.80188679 0.83018868
 1.        ]","[1.81291556 0.81291556 0.76071277 0.58843161 0.58713106 0.51125049
 0.31876269]",0.7139937106918239
199,CS194,0.8867924528301887,0.9629629629629629,0.8888888888888888,0.8867924528301887,0.9629629629629629,0.8888888888888888,212,27,27,0.9629629629629629,1.0,0.9811320754716981,0.8888888888888888,1.0,0.9411764705882353,[0.         0.         0.         0.33333333 1.        ],[0.         0.375      0.625      0.70833333 1.        ],[1.91330558 0.91330558 0.87701668 0.87662814 0.82787996],0.7916666666666667
200,CS231N,0.6253968253968254,0.75,0.6153846153846154,0.6253968253968254,0.75,0.6153846153846154,315,40,39,0.75,1.0,0.8571428571428571,0.6153846153846154,1.0,0.761904761904762,[0.         0.         0.06666667 0.13333333 1.        ],[0.         0.04166667 0.45833333 0.58333333 1.        ],[1.74807326 0.74807326 0.74471899 0.55675095 0.55237359],0.7375000000000002
201,PHYSICS113,0.6415094339622641,0.5714285714285714,0.7142857142857143,0.6415094339622641,0.5714285714285714,0.7142857142857143,53,7,7,0.5714285714285714,1.0,0.7272727272727273,0.7142857142857143,1.0,0.8333333333333333,[0. 0. 1.],[0.  0.4 1. ],[1.57575469 0.57575469 0.55000476],0.7
202,CME102,0.6930983847283406,0.6976744186046512,0.7176470588235294,0.6930983847283406,0.6976744186046512,0.7176470588235294,681,86,85,0.6976744186046512,1.0,0.8219178082191781,0.7176470588235294,1.0,0.8356164383561643,[0.    0.375 1.   ],[0.         0.63934426 1.        ],[1.83816323 0.83816323 0.53132992],0.632172131147541
203,MATH171,0.6289308176100629,0.7,0.85,0.6289308176100629,0.7,0.85,159,20,20,0.7,1.0,0.8235294117647058,0.85,1.0,0.9189189189189189,[0. 1.],[0. 1.],[1.60377358 0.60377358],0.5
204,MS&E125,0.8677966101694915,0.8648648648648649,0.8378378378378378,0.8677966101694915,0.8648648648648649,0.8378378378378378,295,37,37,0.8648648648648649,1.0,0.927536231884058,0.8378378378378378,1.0,0.911764705882353,[0.         0.16666667 0.16666667 0.66666667 1.        ],[0.         0.48387097 0.58064516 0.90322581 1.        ],[1.92110335 0.92110335 0.88646914 0.81404969 0.74541001],0.728494623655914
205,CHEM175,0.8571428571428571,0.8571428571428571,0.6153846153846154,0.7714285714285715,0.8571428571428571,0.5384615384615384,105,14,13,1.0,0.8333333333333334,0.9090909090909091,0.6666666666666666,0.5714285714285714,0.6153846153846153,[0.         0.         0.         0.33333333 1.        ],[0.         0.14285714 0.42857143 0.57142857 1.        ],[1.92672598 0.92672598 0.81974506 0.73552361 0.5       ],0.6904761904761905
206,ME216C,0.9379310344827586,0.8947368421052632,0.9444444444444444,0.9172413793103448,0.9473684210526315,0.9444444444444444,145,19,18,1.0,0.8888888888888888,0.9411764705882353,0.9444444444444444,1.0,0.9714285714285714,[0. 1.],[0. 1.],[1.93939394 0.93939394],0.5
207,MATH122,0.85,0.8333333333333334,0.8,0.85,0.8333333333333334,0.8,40,6,5,0.8333333333333334,1.0,0.9090909090909091,0.8,1.0,0.888888888888889,[0. 1.],[0. 1.],[1.74999976 0.74999976],0.5
208,EE102B,0.8351648351648352,0.8333333333333334,0.9090909090909091,0.8021978021978022,0.75,0.5454545454545454,91,12,11,1.0,0.7777777777777778,0.8750000000000001,0.8571428571428571,1.0,0.923076923076923,[0.  0.2 1. ],[0. 1. 1.],[1.89062467 0.89062467 0.5       ],0.9
209,ECON141,0.8837209302325582,0.8181818181818182,0.9090909090909091,0.8837209302325582,0.8181818181818182,0.9090909090909091,86,11,11,0.8181818181818182,1.0,0.9,0.9090909090909091,1.0,0.9523809523809523,[0. 0. 1.],[0.  0.9 1. ],[1.89999138 0.89999138 0.69232749],0.95
210,CS108,0.7517564402810304,0.8518518518518519,0.6981132075471698,0.7517564402810304,0.8518518518518519,0.6981132075471698,427,54,53,0.8518518518518519,1.0,0.92,0.6981132075471698,1.0,0.8222222222222222,[0.    0.125 1.   ],[0.         0.56756757 1.        ],[1.86597938 0.86597938 0.63949151],0.7212837837837838
211,ECON143,0.9351851851851852,1.0,0.9230769230769231,0.9351851851851852,1.0,0.9230769230769231,108,14,13,1.0,1.0,1.0,0.9230769230769231,1.0,0.9600000000000001,[0. 0. 1.],[0.         0.41666667 1.        ],[1.93151314 0.93151314 0.82855831],0.7083333333333334
212,CHEMENG100,0.7684210526315789,0.75,0.5833333333333334,0.6631578947368421,0.75,0.6666666666666666,95,12,12,1.0,0.6666666666666666,0.8,0.6666666666666666,0.75,0.7058823529411765,[0.   0.   0.25 0.75 1.  ],[0.    0.125 0.625 0.75  1.   ],[1.81196173 0.81196173 0.73979266 0.60298459 0.5       ],0.65625
213,ECON51,0.7808764940239044,0.8095238095238095,0.7301587301587301,0.7629482071713147,0.7142857142857143,0.6666666666666666,502,63,63,0.9459459459459459,0.7777777777777778,0.8536585365853658,0.8205128205128205,0.7619047619047619,0.7901234567901233,[0.         0.33333333 1.        ],[0.         0.76190476 1.        ],[1.90029737 0.90029737 0.5       ],0.7142857142857143
214,CS181,0.717391304347826,0.7391304347826086,0.9130434782608695,0.717391304347826,0.7391304347826086,0.9130434782608695,184,23,23,0.7391304347826086,1.0,0.85,0.9130434782608695,1.0,0.9545454545454545,[0. 1.],[0. 1.],[1.69564603 0.69564603],0.5
215,CS155,0.7206477732793523,0.5483870967741935,0.6774193548387096,0.562753036437247,0.6129032258064516,0.5806451612903226,247,31,31,0.6666666666666666,0.5263157894736842,0.5882352941176471,0.7857142857142857,0.6111111111111112,0.6875000000000001,[0.         0.23076923 1.        ],[0.         0.61111111 1.        ],[1.73133017 0.73133017 0.39824564],0.6901709401709402
216,BIO153,0.6363636363636364,0.7142857142857143,0.7142857142857143,0.5818181818181818,0.42857142857142855,0.42857142857142855,55,7,7,0.6666666666666666,0.6666666666666666,0.6666666666666666,1.0,0.3333333333333333,0.5,[0. 0. 1.],[0.         0.33333333 1.        ],[1.58333314 0.58333314 0.5       ],0.6666666666666666
217,ECON157,0.8936170212765957,0.8333333333333334,0.8333333333333334,0.8085106382978723,0.8333333333333334,0.6666666666666666,47,6,6,1.0,0.8,0.888888888888889,0.8,1.0,0.888888888888889,[0.  0.5 1. ],[0. 1. 1.],[1.83783784 0.83783784 0.5       ],0.75
218,EARTHSYS112,0.851528384279476,0.7586206896551724,0.896551724137931,0.851528384279476,0.7586206896551724,0.896551724137931,229,29,29,0.7586206896551724,1.0,0.8627450980392156,0.896551724137931,1.0,0.9454545454545454,[0.         0.33333333 1.        ],[0.         0.30769231 1.        ],[1.89830508 0.89830508 0.8117617 ],0.4871794871794872
219,STATS116,0.6885245901639344,0.8205128205128205,0.6842105263157895,0.6885245901639344,0.8205128205128205,0.6842105263157895,305,39,38,0.8205128205128205,1.0,0.9014084507042254,0.6842105263157895,1.0,0.8125000000000001,[0.         0.41666667 1.        ],[0.         0.42307692 1.        ],[1.76271186 0.76271186 0.62030817],0.5032051282051282
220,PSYCH45,0.6633333333333333,0.7894736842105263,0.8918918918918919,0.6633333333333333,0.7894736842105263,0.8918918918918919,300,38,37,0.7894736842105263,1.0,0.8823529411764706,0.8918918918918919,1.0,0.9428571428571428,[0. 0. 1.],[0.         0.57575758 1.        ],[1.77702702 0.77702702 0.5263216 ],0.7878787878787878
221,MATH115,0.668918918918919,0.7368421052631579,0.7222222222222222,0.668918918918919,0.7368421052631579,0.7222222222222222,148,19,18,0.7368421052631579,1.0,0.8484848484848484,0.7222222222222222,1.0,0.8387096774193548,[0.  0.4 1. ],[0.         0.84615385 1.        ],[1.70192308 0.70192308 0.50001809],0.7230769230769232
222,EE102A,0.6532663316582915,0.6,0.6,0.6532663316582915,0.6,0.6,199,25,25,0.6,1.0,0.7499999999999999,0.6,1.0,0.7499999999999999,[0.  0.3 0.3 1. ],[0.         0.53333333 0.8        1.        ],[1.74116227 0.74116227 0.69998445 0.50001992],0.71
223,EE278,0.8571428571428571,1.0,0.6666666666666666,0.5357142857142857,0.5,0.3333333333333333,28,4,3,1.0,1.0,1.0,0.5,1.0,0.6666666666666666,[0.  0.5 1. ],[0. 1. 1.],[1.59999929 0.59999929 0.5       ],0.75
224,PHYSICS108,0.8846153846153846,0.7142857142857143,0.8333333333333334,0.8846153846153846,0.7142857142857143,0.8333333333333334,52,7,6,0.7142857142857143,1.0,0.8333333333333333,0.8333333333333334,1.0,0.9090909090909091,[0. 1.],[0. 1.],[1.8076923 0.8076923],0.5
225,CEE183,0.7692307692307693,0.75,0.6666666666666666,0.7692307692307693,0.75,0.6666666666666666,26,4,3,0.75,1.0,0.8571428571428571,0.6666666666666666,1.0,0.8,[0. 0. 1.],[0.  0.5 1. ],[1.63158908 0.63158908 0.57140107],0.75
226,ECON145,0.9130434782608695,1.0,0.7777777777777778,0.9130434782608695,1.0,0.7777777777777778,69,9,9,1.0,1.0,1.0,0.7777777777777778,1.0,0.8750000000000001,[0. 0. 0. 1.],[0.         0.28571429 0.42857143 1.        ],[1.90073288 0.90073288 0.89828994 0.79219647],0.7142857142857143
227,ME216B,0.9,1.0,0.8421052631578947,0.9,1.0,0.8421052631578947,150,19,19,1.0,1.0,1.0,0.8421052631578947,1.0,0.9142857142857143,[0.         0.66666667 1.        ],[0.    0.875 1.   ],[1.90225564 0.90225564 0.64707155],0.6041666666666667
228,MS&E221,0.8257575757575758,0.8823529411764706,0.9411764705882353,0.8257575757575758,0.8823529411764706,0.9411764705882353,132,17,17,0.8823529411764706,1.0,0.9375,0.9411764705882353,1.0,0.9696969696969697,[0. 1.],[0. 1.],[1.79545125 0.79545125],0.5
229,CS107,0.693359375,0.7109375,0.69921875,0.55908203125,0.57421875,0.5859375,2048,256,256,0.7016574585635359,0.8639455782312925,0.7743902439024389,0.6910994764397905,0.88,0.7741935483870969,[0.         0.01886792 0.55660377 1.        ],[0.         0.14666667 0.88       1.        ],[1.875      0.875      0.64269142 0.28325962],0.6942138364779874
230,CS148,0.8782201405152225,0.9074074074074074,0.9622641509433962,0.8782201405152225,0.9074074074074074,0.9622641509433962,427,54,53,0.9074074074074074,1.0,0.9514563106796117,0.9622641509433962,1.0,0.9807692307692307,[0.  0.5 1.  1.  1. ],[0.         0.23529412 0.47058824 0.60784314 1.        ],[1.91327428 0.91327428 0.89147386 0.8617108  0.82937043],0.23529411764705882
231,CS154,0.6926829268292682,0.5769230769230769,0.7307692307692307,0.6926829268292682,0.5769230769230769,0.7307692307692307,205,26,26,0.5769230769230769,1.0,0.7317073170731707,0.7307692307692307,1.0,0.8444444444444443,[0.         0.42857143 1.        ],[0.         0.52631579 1.        ],[1.67480596 0.67480596 0.67071789],0.5488721804511277
232,CS107E,0.7268041237113402,0.64,0.6666666666666666,0.7268041237113402,0.64,0.6666666666666666,194,25,24,0.64,1.0,0.7804878048780487,0.6666666666666666,1.0,0.8,[0.   0.75 1.  ],[0.     0.6875 1.    ],[1.71629796 0.71629796 0.67928279],0.46875
233,MS&E111,0.6342281879194631,0.6052631578947368,0.6756756756756757,0.6342281879194631,0.6052631578947368,0.6756756756756757,298,38,37,0.6052631578947368,1.0,0.7540983606557378,0.6756756756756757,1.0,0.8064516129032258,[0.         0.08333333 0.25       1.        ],[0.   0.4  0.64 1.  ],[1.75       0.75       0.71641025 0.53801718],0.7183333333333334
234,EE103,0.8023952095808383,0.7619047619047619,0.8095238095238095,0.8023952095808383,0.7619047619047619,0.8095238095238095,167,21,21,0.7619047619047619,1.0,0.8648648648648648,0.8095238095238095,1.0,0.8947368421052632,[0.  0.  0.5 1. ],[0.         0.17647059 0.47058824 1.        ],[1.85713961 0.85713961 0.8490532  0.69620625],0.5294117647058824
235,EE114,0.9444444444444444,0.8,1.0,0.6944444444444444,0.6,0.6,36,5,5,0.75,1.0,0.8571428571428571,1.0,1.0,1.0,[0. 0. 1.],[0. 1. 1.],[1.77777653 0.77777653 0.5       ],1.0
236,CS245,0.7115384615384616,0.8571428571428571,0.6666666666666666,0.6346153846153846,0.5714285714285714,0.5,52,7,6,0.8,1.0,0.888888888888889,0.6666666666666666,0.6666666666666666,0.6666666666666666,[0.         0.         0.33333333 1.        ],[0.         0.33333333 0.66666667 1.        ],[1.63595508 0.63595508 0.60190144 0.5       ],0.7222222222222222
237,STATS200,0.548,0.59375,0.6451612903225806,0.548,0.59375,0.6451612903225806,250,32,31,0.59375,1.0,0.7450980392156863,0.6451612903225806,1.0,0.7843137254901961,[0. 1.],[0. 1.],[1.532 0.532],0.5
238,CEE101C,0.76,0.5714285714285714,1.0,0.56,0.42857142857142855,0.6666666666666666,50,7,6,0.5,1.0,0.6666666666666666,1.0,1.0,1.0,[0. 0. 1.],[0. 1. 1.],[1.64241063 0.64241063 0.5       ],1.0
239,ME161,0.672077922077922,0.6666666666666666,0.6842105263157895,0.6266233766233766,0.6666666666666666,0.6052631578947368,308,39,38,0.8095238095238095,0.6538461538461539,0.7234042553191489,0.8235294117647058,0.6086956521739131,0.7,[0.  0.2 0.2 1. ],[0.         0.52173913 0.60869565 1.        ],[1.78048144 0.78048144 0.62962836 0.5       ],0.6956521739130436
240,CS110,0.7091795288383428,0.7532467532467533,0.7402597402597403,0.4232331437855402,0.44805194805194803,0.512987012987013,1231,154,154,0.6823529411764706,0.8405797101449275,0.7532467532467533,0.7294117647058823,0.7848101265822784,0.7560975609756098,[0.         0.30666667 1.        ],[0.         0.78481013 1.        ],[1.61481267 0.61481267 0.19784433],0.7390717299578059
241,CME103,0.6808943089430894,0.7096774193548387,0.6935483870967742,0.6808943089430894,0.7096774193548387,0.6935483870967742,492,62,62,0.7096774193548387,1.0,0.8301886792452831,0.6935483870967742,1.0,0.8190476190476191,[0.         0.         0.10526316 1.        ],[0.         0.1627907  0.60465116 1.        ],[1.89024071 0.89024071 0.73255173 0.55462758],0.7582619339045288
242,PSYCH147,0.9444444444444444,0.8333333333333334,0.8888888888888888,0.9444444444444444,0.8333333333333334,0.8888888888888888,144,18,18,0.8333333333333334,1.0,0.9090909090909091,0.8888888888888888,1.0,0.9411764705882353,[0. 1.],[0. 1.],[1.91666665 0.91666665],0.5
243,ECON102A,0.5654450261780105,0.59375,0.5473684210526316,0.5222513089005235,0.5729166666666666,0.5368421052631579,764,96,95,0.5930232558139535,0.9272727272727272,0.7234042553191489,0.5465116279069767,0.9215686274509803,0.6861313868613138,[0.         0.88636364 1.        ],[0.         0.92156863 1.        ],[1.53669046 0.53669046 0.31884058],0.517602495543672
244,EE180,0.7327586206896551,0.7333333333333333,0.6,0.7327586206896551,0.7333333333333333,0.6,116,15,15,0.7333333333333333,1.0,0.846153846153846,0.6,1.0,0.7499999999999999,[0.         0.16666667 1.        ],[0.         0.44444444 1.        ],[1.83050847 0.83050847 0.56141686],0.6388888888888888
245,PSYCH141,0.8444444444444444,0.5882352941176471,0.7647058823529411,0.8444444444444444,0.5882352941176471,0.7647058823529411,135,17,17,0.5882352941176471,1.0,0.7407407407407407,0.7647058823529411,1.0,0.8666666666666666,[0.   0.25 1.  ],[0.         0.53846154 1.        ],[1.87501396 0.87501396 0.72725242],0.6442307692307692
246,BIO101,0.7352941176470589,0.8,0.75,0.7352941176470589,0.8,0.75,34,5,4,0.8,1.0,0.888888888888889,0.75,1.0,0.8571428571428571,[0. 1.],[0. 1.],[1.61764484 0.61764484],0.5
247,PHYSICS121,0.6486486486486487,0.5,0.42857142857142855,0.6486486486486487,0.5,0.42857142857142855,111,14,14,0.5,1.0,0.6666666666666666,0.42857142857142855,1.0,0.6,[0.    0.125 1.   ],[0.  0.5 1. ],[1.63888889 0.63888889 0.59999728],0.6875
248,PHYSICS231,0.9375,1.0,0.5,0.9375,1.0,0.5,16,3,2,1.0,1.0,1.0,0.5,1.0,0.6666666666666666,[0. 1.],[0. 1.],[1.6875 0.6875],0.5
249,STATS203,0.7105263157894737,0.6,0.8,0.7105263157894737,0.6,0.8,38,5,5,0.6,1.0,0.7499999999999999,0.8,1.0,0.888888888888889,[0. 1.],[0. 1.],[1.60526313 0.60526313],0.5
250,CHEM134,0.8529411764705882,0.7777777777777778,0.625,0.8529411764705882,0.7777777777777778,0.625,68,9,8,0.7777777777777778,1.0,0.8750000000000001,0.625,1.0,0.7692307692307693,[0. 0. 1.],[0.  0.8 1. ],[1.81818182 0.81818182 0.74998491],0.9
251,ME227,0.6571428571428571,0.4,0.5,0.6571428571428571,0.4,0.5,35,5,4,0.4,1.0,0.5714285714285715,0.5,1.0,0.6666666666666666,[0. 1.],[0. 1.],[1.54285714 0.54285714],0.5
252,PSYCH146,0.71,0.6153846153846154,0.9166666666666666,0.71,0.6153846153846154,0.9166666666666666,100,13,12,0.6153846153846154,1.0,0.761904761904762,0.9166666666666666,1.0,0.9565217391304348,[0. 1.],[0. 1.],[1.67 0.67],0.5
253,ME80,0.6573770491803279,0.6623376623376623,0.7105263157894737,0.4672131147540984,0.44155844155844154,0.4342105263157895,610,77,76,0.5769230769230769,0.8823529411764706,0.6976744186046512,0.6122448979591837,0.9090909090909091,0.7317073170731708,[0.         0.44186047 1.        ],[0.         0.90909091 1.        ],[1.58373942 0.58373942 0.25491076],0.7336152219873151
254,CHEMENG150,0.7368421052631579,0.7,0.7,0.5657894736842105,0.7,0.7,76,10,10,0.8333333333333334,0.7142857142857143,0.7692307692307692,1.0,0.5714285714285714,0.7272727272727273,[0. 0. 1.],[0.         0.57142857 1.        ],[1.71428569 0.71428569 0.5       ],0.7857142857142857
255,ECON102B,0.7296703296703296,0.6491228070175439,0.8421052631578947,0.5582417582417583,0.5263157894736842,0.5614035087719298,455,57,57,0.65625,0.7,0.6774193548387096,0.8709677419354839,0.84375,0.8571428571428571,[0.   0.16 1.  ],[0.      0.84375 1.     ],[1.73383509 0.73383509 0.33854881],0.8418749999999999
